repo_path	original_path (scripts expect to run from the original workspace root)
eval/armbench/cmp_q8k.py	out/armbench/cmp_q8k.py
eval/armbench/run_armbench.sh	out/armbench/run_armbench.sh
eval/armbench/summarize.py	out/armbench/summarize.py
eval/qwen3_toolhead/run_trackA.sh	out/qwen3_toolhead/run_trackA.sh
eval/aconf/prep_and_run.sh	out/replace_audit/aconf/prep_and_run.sh
eval/aconf/score.py	out/replace_audit/aconf/score.py
eval/arm/run_arm_gemma.sh	out/replace_audit/arm/run_arm_gemma.sh
eval/cap3/eval_cap3.py	out/replace_audit/cap3/eval_cap3.py
datagen/cap3/gen.py	out/replace_audit/cap3/gen.py
datagen/cap3/judge.py	out/replace_audit/cap3/judge.py
eval/cap3/run_roles.sh	out/replace_audit/cap3/run_roles.sh
export/confirm_r4/freeze.py	out/replace_audit/confirm_r4/freeze.py
datagen/confirm_r4/gen_confirm.py	out/replace_audit/confirm_r4/gen_confirm.py
datagen/confirm_r4/judgeB_llama.py	out/replace_audit/confirm_r4/judgeB_llama.py
datagen/confirm_r4/judgeB_oss.py	out/replace_audit/confirm_r4/judgeB_oss.py
eval/hintfix/cmp_gemma.py	out/replace_audit/hintfix/cmp_gemma.py
eval/hintfix/summ.py	out/replace_audit/hintfix/summ.py
eval/int3/coding_r3.py	out/replace_audit/int3/coding_r3.py
train/int3/dump.sh	out/replace_audit/int3/dump.sh
eval/int3/eval_int.py	out/replace_audit/int3/eval_int.py
datagen/int3/gen_int_train.py	out/replace_audit/int3/gen_int_train.py
train/int3/lr.py	out/replace_audit/int3/lr.py
train/int3/select_int.py	out/replace_audit/int3/select_int.py
train/int3/variants.py	out/replace_audit/int3/variants.py
train/int3/vec.py	out/replace_audit/int3/vec.py
eval/policy_sim_final.py	out/replace_audit/policy_sim_final.py
eval/policy_sim_r3.py	out/replace_audit/policy_sim_r3.py
eval/r4A/diag_norule.py	out/replace_audit/r4A/diag_norule.py
train/r4A/dump_folds.py	out/replace_audit/r4A/dump_folds.py
train/r4A/dump_hard.sh	out/replace_audit/r4A/dump_hard.sh
train/r4A/dump_probs.py	out/replace_audit/r4A/dump_probs.py
eval/r4A/eval_seeds.py	out/replace_audit/r4A/eval_seeds.py
export/r4A/export7.py	out/replace_audit/r4A/export7.py
export/r4A/export_anc.py	out/replace_audit/r4A/export_anc.py
export/r4A/export_cap.py	out/replace_audit/r4A/export_cap.py
export/r4A/export_ens.py	out/replace_audit/r4A/export_ens.py
datagen/r4A/gen_hard.py	out/replace_audit/r4A/gen_hard.py
datagen/r4A/judge_hard.py	out/replace_audit/r4A/judge_hard.py
eval/r4A/knn_rescue.py	out/replace_audit/r4A/knn_rescue.py
eval/r4A/l2/run_l2indep.sh	out/replace_audit/r4A/l2/run_l2indep.sh
train/r4A/l2/run_l2train.sh	out/replace_audit/r4A/l2/run_l2train.sh
eval/r4A/l2/sim_rescue.py	out/replace_audit/r4A/l2/sim_rescue.py
eval/r4A/lc.py	out/replace_audit/r4A/lc.py
train/r4A/levers_a.py	out/replace_audit/r4A/levers_a.py
eval/r4A/levers_eval.py	out/replace_audit/r4A/levers_eval.py
eval/r4A/levers_eval2.py	out/replace_audit/r4A/levers_eval2.py
eval/r4A/levers_eval7.py	out/replace_audit/r4A/levers_eval7.py
eval/r4A/miss_analysis.py	out/replace_audit/r4A/miss_analysis.py
eval/r4A/plt_eval.py	out/replace_audit/r4A/plt_eval.py
train/r4A/run7.sh	out/replace_audit/r4A/run7.sh
train/r4A/run7s.sh	out/replace_audit/r4A/run7s.sh
train/r4A/run_2emb.sh	out/replace_audit/r4A/run_2emb.sh
train/r4A/run_cap.sh	out/replace_audit/r4A/run_cap.sh
train/r4A/run_fe.sh	out/replace_audit/r4A/run_fe.sh
eval/r4A/run_opt4.sh	out/replace_audit/r4A/run_opt4.sh
eval/r4A/th_sim.py	out/replace_audit/r4A/th_sim.py
train/r4A/torch_2emb.py	out/replace_audit/r4A/torch_2emb.py
train/r4A/torch_anc.py	out/replace_audit/r4A/torch_anc.py
train/r4A/torch_cap.py	out/replace_audit/r4A/torch_cap.py
train/r4A/torch_fe.py	out/replace_audit/r4A/torch_fe.py
train/r4A/torch_ls.py	out/replace_audit/r4A/torch_ls.py
train/r4A/torch_ls2.py	out/replace_audit/r4A/torch_ls2.py
train/r4A/torch_mat.py	out/replace_audit/r4A/torch_mat.py
train/r4A/train_r4.py	out/replace_audit/r4A/train_r4.py
eval/r4A/ts_eval.py	out/replace_audit/r4A/ts_eval.py
datagen/r4A/xf3/aug_prepare.py	out/replace_audit/r4A/xf3/aug_prepare.py
datagen/r4A/xf3/build3.py	out/replace_audit/r4A/xf3/build3.py
datagen/r4A/xf3/focus.py	out/replace_audit/r4A/xf3/focus.py
datagen/r4A/xf3/genpkg/judge_local.py	out/replace_audit/r4A/xf3/genpkg/judge_local.py
datagen/r4A/xf3/genpkg/scripts/indep_gen_defs.py	out/replace_audit/r4A/xf3/genpkg/scripts/indep_gen_defs.py
datagen/r4A/xf3/genpkg/scripts/llmc.py	out/replace_audit/r4A/xf3/genpkg/scripts/llmc.py
datagen/r4A/xf3/genpkg/vllm_gen.sh	out/replace_audit/r4A/xf3/genpkg/vllm_gen.sh
datagen/r4A/xf3/genpkg/xf_gen_local.py	out/replace_audit/r4A/xf3/genpkg/xf_gen_local.py
datagen/r4A/xf3/judge3.py	out/replace_audit/r4A/xf3/judge3.py
eval/r4A/xf3/lc.py	out/replace_audit/r4A/xf3/lc.py
datagen/r4A/xf3/merge3.py	out/replace_audit/r4A/xf3/merge3.py
datagen/r4A/xf3/xf_gen3.py	out/replace_audit/r4A/xf3/xf_gen3.py
train/r4B/dump_confirm.sh	out/replace_audit/r4B/dump_confirm.sh
export/r4B/export_b.py	out/replace_audit/r4B/export_b.py
eval/r4B/isa/isa_check.py	out/replace_audit/r4B/isa/isa_check.py
eval/r4B/isa/run_isa.sh	out/replace_audit/r4B/isa/run_isa.sh
eval/r4B/oneshot_b.py	out/replace_audit/r4B/oneshot_b.py
train/r4B/search_b.py	out/replace_audit/r4B/search_b.py
train/r4B/shift_b.py	out/replace_audit/r4B/shift_b.py
train/r4B/stage2_b.py	out/replace_audit/r4B/stage2_b.py
train/r4C/ens_c.py	out/replace_audit/r4C/ens_c.py
eval/r4C/oneshot_c.py	out/replace_audit/r4C/oneshot_c.py
eval/r4C/run_confirm_c.sh	out/replace_audit/r4C/run_confirm_c.sh
train/r4C/select_c.py	out/replace_audit/r4C/select_c.py
train/r4C/variants_c.py	out/replace_audit/r4C/variants_c.py
datagen/rag/build_corpus.py	out/replace_audit/rag/build_corpus.py
train/rag/embed_corpus.sh	out/replace_audit/rag/embed_corpus.sh
train/rag/embed_q.sh	out/replace_audit/rag/embed_q.sh
eval/rag/eval_rag.py	out/replace_audit/rag/eval_rag.py
datagen/rag/gen_queries.py	out/replace_audit/rag/gen_queries.py
eval/run_head_pipeline.sh	out/replace_audit/run_head_pipeline.sh
eval/run_hintfix.sh	out/replace_audit/run_hintfix.sh
eval/run_hintfix_bin.sh	out/replace_audit/run_hintfix_bin.sh
eval/run_old339_xf.sh	out/replace_audit/run_old339_xf.sh
eval/run_old339_xf_final.sh	out/replace_audit/run_old339_xf_final.sh
eval/run_old339_xf_r2a.sh	out/replace_audit/run_old339_xf_r2a.sh
eval/tau_sim.py	out/replace_audit/tau_sim.py
eval/tau_sim_final.py	out/replace_audit/tau_sim_final.py
eval/toolhead/eval_r3W5F_toolhead.py	out/replace_audit/toolhead/eval_r3W5F_toolhead.py
eval/toolhead/eval_xf_toolhead.py	out/replace_audit/toolhead/eval_xf_toolhead.py
train/trackA/embed_trackA.sh	out/replace_audit/trackA/embed_trackA.sh
eval/trackA/eval_trackA.py	out/replace_audit/trackA/eval_trackA.py
eval/scripts/analyze_go.py	scripts/analyze_go.py
eval/scripts/analyze_go_cls.py	scripts/analyze_go_cls.py
eval/scripts/analyze_go_indep.py	scripts/analyze_go_indep.py
eval/scripts/analyze_perturb.py	scripts/analyze_perturb.py
eval/scripts/analyze_tools.py	scripts/analyze_tools.py
datagen/scripts/build_intent_data.py	scripts/build_intent_data.py
eval/scripts/cls_head_tau_targets.py	scripts/cls_head_tau_targets.py
eval/scripts/coldstart.sh	scripts/coldstart.sh
eval/scripts/e2e_q8k_compare.py	scripts/e2e_q8k_compare.py
eval/scripts/e2e_speed_compare.py	scripts/e2e_speed_compare.py
train/scripts/embed_indep_qwen.py	scripts/embed_indep_qwen.py
train/scripts/embed_py.py	scripts/embed_py.py
export/scripts/export_anchoronly_heads.py	scripts/export_anchoronly_heads.py
eval/scripts/fallback_eval.py	scripts/fallback_eval.py
export/scripts/gen_release_manifest.py	scripts/gen_release_manifest.py
export/scripts/hub.py	scripts/hub.py
datagen/scripts/indep_build.py	scripts/indep_build.py
eval/scripts/indep_clsprompt.py	scripts/indep_clsprompt.py
datagen/scripts/indep_crossgen.py	scripts/indep_crossgen.py
train/scripts/indep_embed.sh	scripts/indep_embed.sh
eval/scripts/indep_eval.py	scripts/indep_eval.py
datagen/scripts/indep_gen.py	scripts/indep_gen.py
datagen/scripts/indep_gen_defs.py	scripts/indep_gen_defs.py
datagen/scripts/indep_improve.py	scripts/indep_improve.py
datagen/scripts/indep_judge.py	scripts/indep_judge.py
datagen/scripts/indep_neardup.py	scripts/indep_neardup.py
datagen/scripts/indep_qc.py	scripts/indep_qc.py
eval/scripts/indep_report83.py	scripts/indep_report83.py
datagen/scripts/intent_data_src.py	scripts/intent_data_src.py
train/scripts/l2_calib.py	scripts/l2_calib.py
eval/scripts/l2_eval_maps.py	scripts/l2_eval_maps.py
train/scripts/l2_map.py	scripts/l2_map.py
eval/scripts/l3_fulltree_eval.py	scripts/l3_fulltree_eval.py
eval/scripts/l3_probe.py	scripts/l3_probe.py
eval/scripts/l3_probe2.py	scripts/l3_probe2.py
datagen/scripts/llmc.py	scripts/llmc.py
datagen/scripts/make_fix_anchors.py	scripts/make_fix_anchors.py
datagen/scripts/make_perturb.py	scripts/make_perturb.py
eval/scripts/paired_q3_vs_gemma.py	scripts/paired_q3_vs_gemma.py
eval/scripts/policy_eval.py	scripts/policy_eval.py
train/scripts/qwen3_toolhead.py	scripts/qwen3_toolhead.py
train/scripts/qwen3_toolhead_md.py	scripts/qwen3_toolhead_md.py
eval/scripts/rerank_eval.py	scripts/rerank_eval.py
eval/scripts/run_e2e_pipeline_cmp.sh	scripts/run_e2e_pipeline_cmp.sh
eval/scripts/run_e2e_pipeline_cmp_r2.sh	scripts/run_e2e_pipeline_cmp_r2.sh
eval/scripts/run_go_cls.sh	scripts/run_go_cls.sh
eval/scripts/run_go_cls2.sh	scripts/run_go_cls2.sh
eval/scripts/run_go_cls3.sh	scripts/run_go_cls3.sh
eval/scripts/slow_server.py	scripts/slow_server.py
datagen/scripts/tool_gold.py	scripts/tool_gold.py
train/scripts/tool_head.py	scripts/tool_head.py
eval/scripts/tool_section.py	scripts/tool_section.py
train/scripts/train_cls_heads.py	scripts/train_cls_heads.py
train/scripts/train_heads.py	scripts/train_heads.py
datagen/scripts/xf_build.py	scripts/xf_build.py
train/scripts/xf_final.py	scripts/xf_final.py
datagen/scripts/xf_gen.py	scripts/xf_gen.py
datagen/scripts/xf_judge.py	scripts/xf_judge.py
eval/scripts/xf_oldcv.py	scripts/xf_oldcv.py
datagen/scripts/xf_remote.sh	scripts/xf_remote.sh
eval/scripts/xf_run_e2e.sh	scripts/xf_run_e2e.sh
eval/scripts/xf_run_e2e_final.sh	scripts/xf_run_e2e_final.sh
eval/scripts/xf_run_e2e_r3F.sh	scripts/xf_run_e2e_r3F.sh
eval/scripts/xf_run_e2e_r3W5F.sh	scripts/xf_run_e2e_r3W5F.sh
eval/scripts/xf_toolhead_compat.py	scripts/xf_toolhead_compat.py
train/scripts/xf_train.py	scripts/xf_train.py
